Subsoccer DOCK - sarjanumerot,
Ensimmäisen tuotantoerän koodit,
13.03.2026 - 1500 kpl,
Tuotenimi SSDOCK / Revisio V01 / Vuosi 26 Ostotilaus PO1 / yksilöllinen koodi,
,
SSDOCK-V01-26PO1-xxxxxx (code below),
aL1cXN,HUOM! Tällä rivillä oleva koodi varattu!
8iQf89,
KWWutE,
HpU9TH,
1AgTix,
JMSqoB,
EP6f8J,
KDXS1i,
5H4Vz7,
6EPTty,
BRISI4,
Qoebod,
V9Y9aV,
lXXv7p,
S009Es,
xvODOW,
R4sf5N,
fOJDD2,
dwbFMG,
hrD7fS,
1rSSTP,
kYXwJX,
8kI8Ik,
AthqyG,
dhY7qb,
STWDoI,
IORFTB,
M25fn9,
u2PB9V,
iYTu4h,
yLSWpR,
FNolnb,
eytWgs,
tZzmJv,
m7ddnD,
7TQ7r8,
5nioCm,
tRLzOl,
crodYK,
1Jwu1e,
t03JAE,
48MqBu,
Olmhk9,
EgxcVP,
XeM2Vt,
8EJpYK,
3EwPca,
tBplOw,
ycXqdW,
6YXIEk,
YFJD3S,
FSmCHn,
QSIwGK,
PqZMev,
GXDFR4,
ov4Icd,
rWowRJ,
81s7gF,
IQBh29,
vpfwMw,
C2Gf9i,
UrgYtb,
NEmUoa,
G9z4K2,
peQDrJ,
UvgzDA,
WoViD9,
ncNT2n,
52KfIl,
jNUGaW,
fBYbbo,
KF8o1S,
ShwQoA,
gC000W,
PPYCJz,
2ScgdW,
mEqVUs,
k8sMxk,
uSNKh4,
g0Hlfq,
5CvENk,
MnGfwm,
gN9Dz9,
j5SVug,
jzh3fA,
IlGhH7,
5Bpk9U,
LTXsAn,
G2QnBT,
GOy00L,
kara4s,
wzcKKW,
p4RAgX,
hG2x6M,
gmSMPr,
bOXs5g,
90bAK4,
EVngGP,
Zf4SyI,
VXniai,
JbqOXg,
ZeN28q,
umHEPO,
tWZv9u,
O7wiJ4,
683JTG,
ecSJlF,
MHmUzN,
w4fsKN,
FdCtLq,
HNlcdw,
0sXLgF,
8ON8MR,
STGuTl,
3OS6D9,
yAgoRn,
pTuRPL,
X26hZR,
neW0lh,
Gr4NXP,
6qQVLg,
sDXtkG,
1fTJBM,
BiyEOx,
4BZWbo,
Rj0TM3,
VjeQq6,
qPwQTR,
f3OiF6,
J2g3Wc,
6dumEv,
amvA3a,
tXvwH2,
I5UbkD,
o2f6hN,
TYQJrd,
GDmADK,
ejYoyX,
sun4Iq,
CINsV6,
olkowS,
nCIEJ7,
vnHO5S,
5yrZzg,
RLvniS,
F9IjEs,
fTAVSR,
hGIyzz,
6jR0ke,
cwgeFP,
fo111C,
oLOyZ0,
JMn9V1,
WuhN5k,
reTWVZ,
eyTfd7,
RWuPly,
TJslvp,
4fWZ8E,
lUMhZP,
yVLH2G,
t3s5uE,
nCVmVK,
0QovLW,
2JyAnt,
aIRmb4,
gyEq2J,
ZJFq7s,
OaX7WQ,
aaEZZL,
25GDez,
P66mkC,
r6KvDX,
PtObrE,
2lUSAw,
WwytMK,
emTsNK,
kwmkvi,
mS8LZa,
DhpGAz,
7dh2v0,
YChW0g,
KB2yzU,
T3z2Pu,
JCOpwO,
GE8o47,
XQ2IrR,
tIQ4n3,
ij6pUn,
IKxaHv,
EOcuh6,
XMr12C,
JVmF3O,
HTlRwY,
jQx4WQ,
tsWIfZ,
BePYTE,
qPLA0X,
iVvBEP,
IsTtFi,
iJqh96,
NtnTrw,
mE5ewr,
a46DSU,
zduTs1,
Z81PFM,
bHNkZg,
IiZk0Y,
pliMhC,
OoV0Na,
8anL6U,
WmMxJW,
0CDmDM,
K9LjbN,
8Wt0CJ,
J63mid,
HB585M,
oZSQlg,
Vle6mE,
NZ7KCL,
kC2fHk,
KVYWsz,
zKCgkq,
9xtJw0,
S1aam8,
y0ZilW,
qOznOI,
T6otyW,
sm4ZiK,
GrQuBM,
ZvyylO,
tZAjVC,
m7qJu5,
gSDmsu,
H2oY6p,
jhJdms,
9dwDsv,
ZIdWpm,
uBVnpn,
Re0eAW,
wkBsAw,
uy3MBN,
bO96vw,
V4YNCb,
dXZfqg,
R8XtBJ,
BTottN,
M55aZs,
vJNbK2,
3EfWU5,
KXKQ92,
W8g8DM,
SQn74D,
SUBEPT,
CMnv4U,
5wyigK,
NOApqW,
plZaKx,
8Fkspb,
mYdNGr,
rZ5QAo,
qqfN5S,
F4GpdN,
mZ9r58,
FD0NlR,
qqRzyR,
hlHeF1,
JHFGoA,
3rYPSx,
SdhGEs,
uXrmUS,
0xokjR,
cuH9vc,
LsU4id,
D58wnN,
YyEsLL,
UbvUUs,
mBf3YV,
i7K8XF,
Vgo9xT,
eSKSY2,
Md01jE,
bAWAaq,
VY0SoS,
mkqoQh,
aqxUXX,
NMFZLV,
pnQ8EV,
DfSM88,
RFr3J3,
MyC0Py,
dCuwbt,
ogWxpS,
bMFQ2m,
A7tXB3,
a9gFpk,
Kn3sqi,
FMO7lr,
zCpQEq,
JmKUlN,
7qznCF,
Uc98JI,
RNUD1S,
fR9G70,
8iP5To,
ceY6Iy,
Ry41ZC,
fpM3fw,
Qp1jUI,
9TuaMo,
b48QmV,
psNbPy,
kIlezj,
3Pz703,
YB98BI,
VVPKO0,
TffGzt,
p6LMjm,
AdsxwF,
btbbpf,
py2aj8,
rd9KrF,
HTCgN6,
GCrDvW,
RoChB1,
zzRpGu,
RRNqRB,
wZJ6sd,
ybGFM5,
8y6Ucs,
z2xuue,
atxSDY,
1Kapr0,
hHHdPK,
SN8N7Y,
fiUyBh,
45XxZu,
S5PKvh,
sFonVk,
peA6T2,
vMRwtS,
c9I1tz,
saaJ3c,
d3zR9b,
Wjgd52,
WudmYl,
JI3XuL,
TKm5HZ,
Z9uH12,
qo5fNO,
c91VXK,
IIEVB0,
tK3IfS,
7xVZ8W,
gmL6O7,
w0RhpC,
jllXa1,
5ZB7bV,
zCfj8L,
s4Kikf,
ODPAYv,
UtZa94,
TpiObu,
F6RUMo,
wfxkfU,
ZTxYqF,
bBQwMQ,
yEPi7P,
txSg9l,
cE1jIO,
YQAgl1,
wl5TKB,
MGHEyT,
sPN0yU,
9wzkdQ,
62IRD1,
OLupJV,
u6PLb8,
iGcYyU,
enhEdy,
yjESkx,
ArAhtP,
pXyOG7,
DmUWGG,
85U466,
MNrLVb,
Z15in2,
vDCEUl,
DgSHqh,
FrNdmv,
1ML1rr,
pjfAPb,
LfYC1K,
KBbvdw,
1Wq6ts,
6Zu9s6,
aeIFAl,
qDnBCh,
DpXHC6,
EyQjrN,
fWati0,
3vWmmK,
6oPeR9,
L5QExy,
darO8D,
YLHZpe,
7aJNQL,
cUpUEx,
mAoY35,
o62M7i,
NKvzHW,
KlYicG,
nMJMxu,
uEIxZw,
VnXmCj,
7SAe0N,
YjXknu,
0j1kj5,
iXtnxg,
WdLetb,
bY3Jba,
SqHH90,
L76LPF,
imPBHN,
jh7swP,
b7CmdW,
H8teXx,
KudvRl,
ERwRmq,
OsAuBd,
eodGwZ,
yr4Dqa,
FK3lAg,
ET5vD0,
WpbLQu,
hgMdsG,
vzICKM,
4mbRzJ,
jclogj,
yoJRHv,
FF7pxs,
uCm1D0,
p1nSlr,
tX0PZ3,
NnUmOc,
swaSd8,
Qx6rfi,
O125zD,
jvvQeW,
DNedvC,
tlfDP6,
RHh6Rj,
nCUOu6,
40nQew,
IcTNwz,
KsLI50,
FC0coy,
wGpzcF,
y1aHQF,
46wRdm,
VhbuXB,
ZsoXbO,
hL3hiP,
9KJOGf,
sLadtZ,
Tq7JOf,
T7kYdD,
Y4LoBT,
qefZLH,
Mo0ikC,
ztf56V,
0UzwCX,
fzDdd7,
zkV9FR,
ISgGKI,
8ibD3J,
zbA954,
UkLji1,
3yzea2,
yS5bNv,
pCtY9I,
6HqZyR,
qpdVFg,
HV7VKC,
O9Kmys,
XodisE,
7DaImj,
7HuLNz,
Ir5VsY,
cDD9Uu,
CKPS3v,
5Fuezp,
Lh35Xa,
Q4fFrL,
lAhvug,
rMTPFu,
thnSjt,
grV2a9,
8cQCg3,
oB0BLV,
bWZQCt,
dWrwYA,
1AXcBe,
iOtdNM,
ARIhXU,
IRmqgp,
iODRG2,
zaI9pq,
Gxxh5r,
iNGmI6,
HMREs9,
IwatYK,
5112wG,
YWEvwp,
j9pyZC,
XnvgkR,
VuuF46,
93JMUx,
KERSeI,
HTeCiK,
hYIiba,
3hLMuc,
jv5X89,
IPT4Wd,
qqi13E,
9SYvxa,
GWWJlI,
y9GXvb,
gp3eEV,
HaQ0qv,
sn7ke3,
5QEXhD,
NN7j9G,
5jC24c,
3qv3Dv,
FCssMG,
vC4dZo,
VjrhDy,
Zbo6yy,
5sxWbw,
lXlNxV,
7AzA3C,
pVjFz7,
z77zpa,
iMMud4,
IPTDBS,
c07VaL,
929Q0P,
Px7LES,
DvQrjg,
w2g2nx,
TDpD03,
xXhIji,
pN7UAR,
rbD8Z5,
VJWmJz,
x4UU8l,
2ktDSb,
G3SDSu,
Y521Gt,
zcGS8X,
KqGCoD,
Df2ZVL,
YOoYRp,
mGxjqV,
Z0eJYs,
XyUyNu,
LSmEPJ,
cfEazM,
WlHKns,
7j4qV7,
whpEx9,
kgbdxe,
nKwrj7,
bgnQ82,
kYsia4,
vQTGsZ,
m0AP7B,
GtMrN8,
G4ClsS,
oFONe1,
vFOfsF,
8nR88k,
lmB98H,
jA9FGU,
QRWijE,
9W9FSw,
boliTr,
L8I7Dr,
7T3BEG,
GEsqTD,
SW3ocr,
u8eiWb,
3IsV8M,
s5dCKw,
z8h6jt,
FdODBo,
ol8W84,
qaMyEq,
jp5hbf,
afELDv,
SorSvC,
P31RWZ,
aS6uCP,
oZQZSO,
xGT9Bu,
HROl2t,
tYEpFc,
TatbnV,
4XfpJm,
SGGC9X,
Zt1ohl,
v4TgRl,
YJk3NE,
TjxAke,
Nrb40c,
YQRSwU,
im3ZPs,
TDEs9J,
vJFWlH,
w0tDlC,
DAxYvN,
3aPnUc,
hwQ59e,
Kzli8w,
chhjxC,
w4nD7T,
ulOMHC,
uRabRg,
9exvQR,
UGQKZX,
AdQHEN,
jarwRK,
21hP4m,
bxzqcU,
3mKnO2,
FnvXVm,
0v1Spt,
2l3t9Q,
YdJsWe,
x0lTMY,
q7VDYY,
mdrBmU,
WRKIGt,
oDZPzE,
kAxLPa,
05D8Tu,
Hauas1,
UJg25q,
6MV8VW,
HefJTi,
OhnMfF,
BOHHy4,
7i7Vbl,
Ew1FU5,
GaAl0j,
DtJF3r,
lBSYtK,
zIGko8,
MzZMs6,
J4O8Mu,
nMCcP4,
t5uIdj,
s3QOVJ,
ucPAum,
6mmMp3,
IgcUgm,
jGuwsZ,
RpAWL2,
KNoFOa,
c7y5dT,
BQSLHN,
VWw5af,
F12KRa,
HnYZGG,
mc9blT,
MOljJ7,
0XdDCB,
eG2JB8,
wBLWye,
9JgfAk,
arbSpe,
uISN0H,
otZGeT,
iPwMAz,
PIE6Dp,
c4mNzr,
vVn39y,
eS6S8W,
IpOeuy,
FoBGw1,
aLwHvT,
ZbnCGc,
4y87v1,
TDknLO,
5QsoCw,
6BigOL,
Z4JnKw,
bsJeur,
vUAToO,
KQ0rDF,
TQzcCN,
2VEQft,
nfegEc,
8CGN08,
rKdtYs,
LLiBQz,
BowTCP,
v7wzgw,
6kFtiK,
FJ7fXr,
dqKnam,
83TzIx,
kkWHuA,
VFZ7wB,
57M0EW,
6ucaMc,
DWORbe,
n0iV1r,
o8p623,
uCbFFU,
mde4vc,
C8gPBE,
osgypY,
efMtQE,
XPp2SS,
S13JWO,
uOs4Z4,
c7xIHM,
81WdF1,
q50rTh,
WwcNqt,
OvdO9y,
bEgD54,
mB8YCU,
3IJ5fZ,
A1tPMD,
AigmqM,
R98c6u,
Vk7K4I,
vHvP6k,
GQtB9R,
m0vD7Z,
zUg39L,
S9g4Wj,
Gx9bs5,
zXfw4e,
9mAYQQ,
1QrJpG,
SerxKo,
3S6feq,
OwkrVl,
fw012f,
NhcjUp,
i5Gh5G,
w4R9Ub,
C4r04K,
L734tu,
LZh0gA,
GAl8vN,
zG554a,
ZnLJCk,
cS5ObL,
cys9Jd,
oRA4dA,
QDQN9t,
Adn1jE,
cuWM0Z,
e0dQWJ,
bn0ELX,
jJTOnY,
4aB1Z1,
hFePfA,
5SKedU,
5AdYnA,
MUusMH,
pcJpz5,
6BUTb8,
ysYNMd,
3IOt9D,
D961SC,
7uHqYH,
epqLPh,
owj1BX,
yNQSvG,
LtXbcu,
SaJPnG,
lbA6Zc,
aTZnCv,
cjWgzW,
VGaLYS,
yyCYwS,
hdBCEE,
VQCtpz,
i4Moqu,
QJq1BC,
6B7PHX,
HccF9W,
MqH8ro,
hJ7R7S,
9CqkPN,
CSJ7Vc,
oc52Dg,
7MMbDH,
8NLIPQ,
EEac7F,
BZGnmT,
FqwT9L,
g7a1hQ,
Wg17ZG,
veXxYR,
3Sm5Xw,
0QvCKG,
bWy0lU,
XNz1tT,
EzASbo,
cUN0Vg,
PGY2Dy,
w8PV0l,
uD4SCG,
StlW7Q,
OLubXc,
WIT1pQ,
6ZL5Mp,
Is2hsa,
ignmfn,
WXW1YX,
5s4ZA9,
7ye1Jn,
u9Mq2n,
szzYIG,
qF6Wuj,
1zrcK1,
uaDWfZ,
N8i9ix,
CG5q9v,
p5o9vV,
GCyxuz,
WqQkzv,
Wy8b7Z,
TUq3uv,
v6YwNs,
8GFm42,
SIMw1R,
HVEimF,
KhoFMG,
kIbBDP,
TLG6MI,
aOOWg4,
RHJqZl,
FzpHi2,
SnwF2k,
PgfyqL,
RIKjds,
AqIdnp,
V1sXKW,
awIR15,
zKdgl8,
9IA8jx,
VHDwUR,
0krrfr,
n17AzR,
eA62Nn,
kf6h8Y,
kmkTnS,
9zLGaD,
4oPcPu,
pa2A38,
4ag6Y4,
acJyh3,
LqV2Er,
7i0C6w,
xcgqMf,
JFZizk,
0Xe9Lh,
e9DpGu,
rRChSa,
1TipB0,
1wL3Uc,
gYkOUy,
aNwX9A,
P0y438,
9oB8gw,
d6UqW5,
LWRLCI,
wyUCbb,
alsgS8,
x8jo72,
hP7c11,
zHItbL,
XsCdEo,
UwSbhd,
ES4ORG,
K6M5NE,
eKiMor,
1VGsbd,
OVfryY,
9qrK6S,
tiJeMT,
d4bNp9,
fgN51s,
TS990k,
UkwtxG,
CniPTc,
QzWUoi,
VBj47L,
TSmkOD,
UGSDUW,
nHlwry,
ITKMVX,
BSMa2G,
BpppvW,
YrYCEj,
7EUAUr,
EPooJb,
GIPElo,
h0tsN4,
xREymE,
ReNBKl,
BwA3l3,
rFfNrc,
6GMPvv,
MbKsH8,
vLH3h6,
3kYrcZ,
llWXpq,
ax7EPk,
cC1aMe,
qxuZPE,
J6hS6U,
HhMCMD,
XfSyCL,
yDxPcZ,
OLsgaE,
QKpcz2,
7T66Ig,
vStcX0,
5LW5oA,
K7OlxO,
l8uEus,
IN5kd7,
omv3ht,
E1f9b2,
nqlKdZ,
zsaPmT,
4dNRVd,
H4AHPh,
Ue5iVY,
PEMopc,
4etVQV,
QgbbTn,
MQUldx,
oB4gZS,
102Sz5,
Y7jHMc,
KLWAjn,
mUiyPS,
U33TCc,
dfpVHq,
UivzXx,
AMXaX0,
Lbpy9W,
1NntIn,
wJF6d3,
PbuNia,
toGO7O,
BywnpJ,
Un2flI,
JrZk5g,
In4STU,
LXtomi,
q9DtJn,
pD3Fy4,
F9nSH5,
h3U1Gg,
iUh8rt,
NM8rIE,
82iRv8,
3MwRSu,
ATkHk7,
Ai5xWp,
zpDATt,
IQUjZv,
jk6RHd,
dCcr62,
YoxOjb,
9h3q4m,
qnW5yd,
2q1CwE,
i3bLYk,
GrHl4r,
HHGaMk,
xuixf7,
c1iksm,
4AxUwK,
So9PnR,
3hef6x,
s7KtXf,
6rpvIW,
drEO6u,
lwDgQH,
bW155h,
7D6yYM,
C5JZWH,
gexb5O,
RZaKDS,
cFxPML,
5eoz37,
9GNZWf,
Wlv0Yo,
e3zASM,
K483MW,
s8s8GS,
cKbUdy,
0J59qC,
fVNH9H,
cJXRSZ,
kT47ne,
4MDDgI,
xC7aJ3,
kzLumK,
8ThbBT,
DUE7Id,
ZPkk5D,
3JYJSR,
SERmKw,
d7IB5V,
ehTFPJ,
OCBpqK,
r0KkRE,
10OZ3A,
afIxsc,
cT6pcB,
XVaeyo,
kAWFi8,
WqXGAP,
QdpFQV,
ABPDqP,
VGZzhe,
tP5jfV,
cQZG0T,
8gW14k,
ZwdvX6,
zvTeVY,
1GctcK,
4CeduY,
yqnHGB,
lc21Mv,
XqpkH2,
1ZTKOA,
R7NgTk,
WkuMWY,
7AthoL,
cWw9Gr,
bfJlz3,
RNiTb0,
3xBP41,
mlg6ka,
DjJlZU,
fiVuJr,
U2rS0V,
qrqFFp,
bG3MhI,
kH589G,
EQakAP,
wZCGl2,
05j4LM,
DuAW9U,
hx5489,
2CxkzN,
8uKglo,
y5XAVa,
4VF66G,
juvuPr,
p1NJRu,
rJlS0t,
anpG4v,
K9s4rx,
NaLMfJ,
3xJM5j,
ILwYc4,
dIDfaP,
gL2oiA,
FXLEzs,
TQ9TOZ,
jD8QS6,
qKNCJW,
fG8zKQ,
T0cDHR,
xR9Au2,
ZXnTFJ,
TnyQbv,
7P7u4U,
udBTPR,
yrceu5,
jMFS7j,
gDQG85,
wkkm9V,
ij9iJp,
rqlmXi,
Qxup7k,
2lUdqj,
NaQQGR,
1PyRTn,
Ud3IvA,
YuRT68,
e1DWyf,
MwR3YK,
aWJJCf,
Z1h3LR,
JIovzp,
DVnrnd,
SWaIsu,
MjXL1w,
XjbNLK,
8Tj4XD,
cFJXzC,
9Lcyum,
hQMJlS,
w0mafj,
tHs5vR,
ZBIaF6,
pFp9NK,
cH6luy,
6UqLuA,
mM7d2F,
RynF4z,
3a0Qbm,
ZFNqGM,
aYGeaq,
pvlEfU,
Y1CGUq,
z2Vr1E,
Ilpp3f,
kjT0x1,
dSlTN3,
Cizymq,
TGmfXM,
fHebgz,
cs8CFI,
LnrntI,
wZDPTJ,
RchVBt,
q17VGu,
ueObPO,
hBnabQ,
vk9NZy,
Ul5wsH,
xTt57T,
fyjmZ5,
23t26T,
fdzwyo,
Fnnk7a,
ppkhlV,
ZpE9Re,
wV0pfw,
JnB5PN,
uD0nyd,
PaUAFj,
pS5fds,
CMFRQQ,
xcKg6J,
gDdrdu,
10ibeY,
bzLzo2,
Bb04ra,
v0vKcD,
LtJT1c,
9g12vs,
hMt3xs,
1zO7Dn,
9aTUqS,
hjrGnK,
1Y4rZH,
jB1d8v,
GWa6pc,
ETkgm3,
f4D4Rh,
S5CdXV,
LFup3o,
q3SU70,
Hfqy4P,
ppPpoc,
1jn88j,
FhOzjm,
OLGyem,
f8WbLI,
md0eBP,
Pwz82p,
6y5otV,
URgPFw,
i725rg,
2CaH0a,
TkXcZZ,
rd79aV,
peKNKz,
7vUE12,
upU5Bl,
JjIH3N,
OrBYsm,
EYljZl,
uef2cq,
YbdNFn,
IZm1ZO,
fcv16l,
GfYu8w,
xZYii7,
eteUNr,
DfYvRg,
xHYvMQ,
PszPZv,
N4cvrF,
i6I4Sy,
nlC2od,
if3hui,
xNcHZU,
V50vD2,
W2RhLB,
BNElxo,
8QTyEH,
Z5v7dE,
wi94xn,
GCP71N,
UeOtKD,
DFeHYy,
GiQ85A,
kzgsL2,
7R5yFV,
3xu2C5,
aUnspD,
Bgl3n2,
wViZrs,
Tt2aaE,
D56SjI,
Rr3c8M,
NvDjHI,
xJ7Kir,
VP1Rb8,
Ru7kJp,
6To7cR,
adI0Jm,
QcIlCZ,
8kKBlu,
Nxp377,
MVRwkq,
g6jkrg,
gtSCg2,
9Y10JU,
xK0dSe,
YD9rdK,
T9UwWy,
qlzlBw,
Qrk2Ho,
MthaF2,
jS4RsG,
GZrhDa,
T1ND7o,
taXIHd,
ec1FYN,
fn59OY,
gRSvyt,
6VbmyN,
onxN8L,
yYJGuq,
NcDVH6,
80mmop,
Nqpuqg,
4gnVC5,
6exB2W,
2yvGvO,
Q48g2M,
q4Zqlb,
xpjmnk,
dGJpkE,
iTN9ik,
iCN6BU,
nn9tNw,
KVqJmB,
7Ql54D,
JaaidA,
71soVi,
l7GPJU,
FJWPfk,
APuAYF,
k44Ksz,
r4uTv7,
cSWUb3,
MIiM1L,
T7m78z,
aagFRz,
xeHmVy,
ZYhbmz,
2sJMRd,
cmo8tK,
GmLakz,
gDqAYt,
arRuPL,
EHEqUN,
K31YUT,
zYx5Vo,
KFnwif,
Y8YYi1,
KVtcHF,
8iDjxu,
xIWjo6,
qomKW2,
LVJ4Gp,
IcB8Ox,
LTD7H8,
LJB3CB,
2Qcnwj,
bi5vTO,
e0slIt,
NKAEmy,
fuwAl5,
svoOoD,
O8UfIb,
vD5XiZ,
LjVde8,
kCnpba,
unjDEC,
rT6xiM,
XEIQzG,
1tmjo2,
kWSlPG,
CHf35G,
560qlK,
XNyY52,
wySMSI,
GAZHcS,
XKsnvM,
UeV5sm,
OFGVcI,
Q506c0,
fTguun,
ldmoBp,
KJx1x1,
Z4T9AD,
9jvflm,
byByPY,
xQkNpH,
zosErE,
Cz4Yu5,
K6Qqru,
zTBx7H,
TtTEpD,
r0NUC4,
KlbX47,
xAlsxF,
LnqSz0,
EBKjqg,
telshY,
Yl5gG1,
VuYxMN,
CRY48C,
PQPOrs,
sEm146,
CSgAcA,
wdLScM,
FUILIQ,
twjMcB,
05jR3J,
FzpcZy,
0IdOvC,
8IC3UG,
7XXkp6,
HMAmDE,
QuMJ2w,
cMYdgz,
rltoHR,
IUDLAz,
v2bACW,
I6u0F7,
hewN26,
A6iKKO,
xz3uek,
quEK3p,
hkbhRv,
oExK6U,
03NWjI,
xWcTcX,
azrzmR,
pCZ7vB,
L306uT,
Wnxyyv,
CaFEcU,
cU75NV,
mpNiky,
hrXaMs,
EaSbWZ,
IhlwYy,
EKmhrQ,
YKQBnG,
49aZ9f,
kRA3rZ,
6oNdYy,
dSZuke,
e0Zscn,
EpQHIq,
Pdc4q5,
vMNLvT,
QcU9HA,
PbKzsD,
84Dz7C,
g89zk6,
6rMR8s,
vgSYvy,
xrNYCv,
eRZJ2Y,
8aXNVa,
7BWQAM,
NVqsoo,
MwAi00,
H4LLIe,
foqY2t,
Z2Rzzl,
euaXhu,
57xT6R,
5KxuOC,
cfBTqT,
Oa3oes,
2eRJsh,
QVSL6e,
ZsY0a1,
olblV5,
HYuwgM,
3B2KaW,
tuwecL,
r1ZEsb,
iHmNUR,
fXgCT4,
S2OWj2,
HnvjJL,
aTNawR,
uDPWlF,
fxXsaL,
kPfilN,
aMKQjJ,
hmtF7Y,
KRZcdT,
1W2DfF,
SQdKlZ,
Q6Beiv,
ThcIYT,
RQrFIv,
XJ3rH9,
8A8NxH,
6Li36G,
rr3VRA,
xAelEb,
QB8Nfg,
VykQSu,
ZUgnIm,
ttCNww,
Dlz0fe,
cf9U9T,
5KN9zN,
zcyyxT,
t111mU,
GNdYti,
otwLQn,
aqVmhx,
Dnp9jN,
z66wQn,
JAIVFG,
FSo4F9,
ZKY27k,
ipNHzD,
B2QoGn,
iSmihG,
WumzdM,
pnX8bo,
D5NIYq,
bfUlmg,
FGTkNA,
sT3luT,
AZB03E,
uUYXQz,
0xcfPG,
V7lfwZ,
BmdCZB,
lPW87t,
wxR3sv,
EGg2rT,
ZuSaDE,
blfaxX,
1e79gr,
fdkiwf,
MiRVFD,
lAipvL,
XnhXoV,
0d1Jz8,
kUGlKG,
L6XFDQ,
iwEBtu,
3mOh0n,
vGyDzR,
OwulWz,
g1yuQe,
WNTxIu,
fAZKCR,